{"MSE": 2.4665166711498565, "_timestamp": 1685989968.4946783, "_runtime": 4.248383283615112, "_step": 0, "_wandb": {"runtime": 3}}