{"MSE": 2.4645386189944047, "_timestamp": 1685989999.9335608, "_runtime": 4.645400762557983, "_step": 0, "_wandb": {"runtime": 4}}