{"MSE": 2.453983836538874, "_timestamp": 1685989563.8141248, "_runtime": 10.451416730880737, "_step": 0, "_wandb": {"runtime": 10}}