{"MSE": 2.4645586142180007, "_timestamp": 1685989983.9609392, "_runtime": 4.91592812538147, "_step": 0, "_wandb": {"runtime": 4}}