{"MSE": 2.45500082342001, "_timestamp": 1685989916.6006076, "_runtime": 5.9990105628967285, "_step": 0, "_wandb": {"runtime": 5}}