{"MSE": 2.453983836538874, "_timestamp": 1685989503.8349519, "_runtime": 11.017205953598022, "_step": 0, "_wandb": {"runtime": 10}}