{"MSE": 2.4484994617908127, "_timestamp": 1685989942.5054886, "_runtime": 7.286308526992798, "_step": 0, "_wandb": {"runtime": 6}}